Date,Open,High,Low,Close
1-Jan-20,12262.19,12289.86,12234.08,12251.58
2-Jan-20,12263.86,12363.88,12260.32,12357.77
3-Jan-20,12358.37,12358.79,12268.84,12302.38
6-Jan-20,12276.04,12276.04,12044.04,12061.12
7-Jan-20,12148.75,12228.28,12078.65,12121.53
8-Jan-20,12037.47,12113.83,11999.85,12101.3
9-Jan-20,12218.2,12302.8,12210.32,12294.53
10-Jan-20,12327.95,12388.88,12293.24,12335.44
13-Jan-20,12384.68,12417.39,12370.83,12412.2
14-Jan-20,12425.37,12458.45,12394.88,12448.12
15-Jan-20,12453.16,12453.16,12373.11,12439.33
16-Jan-20,12461.23,12490.04,12417.45,12453.44
17-Jan-20,12450.01,12487.48,12421.86,12455.78
20-Jan-20,12534.54,12536.11,12328.5,12333.88
21-Jan-20,12323.88,12342.72,12273.53,12281.79
22-Jan-20,12315.72,12337.17,12209.62,12224.61
23-Jan-20,12243.34,12318.61,12218.29,12310.9
24-Jan-20,12311.86,12408.67,12282.15,12382.17
27-Jan-20,12356.91,12361.82,12248.03,12258.35
28-Jan-20,12298.74,12306.51,12171.64,12198.27
29-Jan-20,12245.79,12314.18,12245.79,12278.24
30-Jan-20,12326.81,12326.81,12146.46,12167.07
31-Jan-20,12235.67,12236.92,12068.72,12082.99
1-Feb-20,12095.21,12150.92,11737.55,11767.64
3-Feb-20,11769.38,11868.12,11723.69,11823.94
4-Feb-20,11914.1,12093.7,11899.88,12086.08
5-Feb-20,12130.5,12216.96,12070.24,12208.89
6-Feb-20,12235.15,12295.91,12206.32,12271.4
7-Feb-20,12296.08,12296.08,12220.54,12245.44
10-Feb-20,12257.46,12258.61,12138.02,12176.27
11-Feb-20,12233.01,12308.05,12228.44,12236.18
12-Feb-20,12272.95,12351.95,12272.85,12313.98
13-Feb-20,12351.65,12351.67,12254.48,12286.92
14-Feb-20,12298.4,12356.82,12197.83,12215.13
17-Feb-20,12238.36,12252.58,12127.23,12134
18-Feb-20,12132.03,12132.03,11991.51,12081.93
19-Feb-20,12150.64,12235.21,12137.83,12226.79
20-Feb-20,12235.76,12270.64,12187.12,12194.91
24-Feb-20,12161.99,12161.99,11923.13,11941.07
25-Feb-20,11985.02,12001.83,11885.83,11903.01
26-Feb-20,11875.68,11887.67,11742.24,11777.28
27-Feb-20,11794.7,11794.7,11633.62,11729.59
28-Feb-20,11539.19,11539.19,11268.31,11292.68
2-Mar-20,11472.51,11541.36,11138.49,11238.01
3-Mar-20,11337.65,11454.07,11263.77,11421.33
4-Mar-20,11450.73,11468.55,11189.39,11358.32
5-Mar-20,11414.68,11497.91,11353.94,11379.84
6-Mar-20,11111.67,11142.18,10939.32,11098.96
9-Mar-20,10926.55,10926.55,10418.2,10550.18
11-Mar-20,10517.67,10650.69,10449.06,10549.73
12-Mar-20,10197.71,10197.71,9599.11,9677.35
13-Mar-20,9226.4,10224.41,8682.79,10039.47
16-Mar-20,9774.36,9774.36,9267.49,9298.47
17-Mar-20,9350.67,9512.81,9040.84,9089.4
18-Mar-20,9208.5,9245.24,8535.95,8595.44
19-Mar-20,8274.83,8677.89,7951.77,8363.61
20-Mar-20,8421.21,8966.99,8281.83,8827.11
23-Mar-20,8203.97,8246.35,7658.94,7683.09
24-Mar-20,7972.86,8089.19,7588.58,7866.16
25-Mar-20,7810.28,8401.18,7778.19,8343.22
26-Mar-20,8496.21,8792.61,8348.58,8730.92
27-Mar-20,8958.93,9083.57,8561.97,8692.8
30-Mar-20,8546.69,8619,8314.63,8355.56
31-Mar-20,8594.25,8742.73,8425,8668.98
1-Apr-20,8692.07,8692.08,8294.67,8347.45
3-Apr-20,8436.86,8443.29,8156.59,8179.94
7-Apr-20,8532.45,8895.03,8448.71,8873.88
8-Apr-20,8791.4,9228.87,8746.68,8857.67
9-Apr-20,9046.72,9238.01,9023.89,9221.36
13-Apr-20,9243.97,9243.97,9021.14,9107.74
15-Apr-20,9261.74,9384.54,9014.37,9066.57
16-Apr-20,9000.46,9198.48,8963.63,9146.57
17-Apr-20,9437.03,9457.97,9232.65,9403.81
20-Apr-20,9534.76,9535.24,9369.36,9395.55
21-Apr-20,9186.25,9186.25,9058.79,9117.63
22-Apr-20,9173.77,9333.75,9077.88,9318.17
23-Apr-20,9399.56,9465.01,9312.4,9430.67
24-Apr-20,9319.77,9407.81,9257.58,9267.78
27-Apr-20,9369.93,9485.71,9368.2,9403.74
28-Apr-20,9508.8,9521.59,9375.94,9490.49
29-Apr-20,9554.21,9695.7,9512.4,9652.77
30-Apr-20,9836.66,9973.05,9830.96,9951.25
4-May-20,9688.94,9688.94,9369.93,9392.99
5-May-20,9528.96,9556.77,9290.49,9305.34
6-May-20,9339.16,9434.68,9209.47,9375.23
7-May-20,9370.02,9384.77,9283.85,9298.51
8-May-20,9474.99,9477.43,9344.93,9356.93
11-May-20,9470.88,9542.5,9342.86,9360.25
12-May-20,9304.29,9360.08,9166.8,9315.32
13-May-20,9727.11,9727.92,9460.86,9495.33
14-May-20,9357.53,9410.96,9256.86,9280.23
15-May-20,9328.34,9328.34,9187.06,9263.88
18-May-20,9310.78,9310.78,8929.27,8943.57
19-May-20,9068.07,9143.88,8973.16,8996.56
20-May-20,8989.89,9204.88,8989.1,9185.18
21-May-20,9214.8,9297.07,9178.25,9227.95
22-May-20,9197.01,9273.51,9098.19,9159.29
26-May-20,9214.76,9272.45,9127.7,9158.69
27-May-20,9208.08,9424.93,9127.24,9410.8
28-May-20,9473.57,9605.74,9425.29,9587.64
29-May-20,9546.11,9712.76,9489.92,9697.9
1-Jun-20,9835.17,10031.61,9827.14,9936.37
2-Jun-20,9989.48,10087.42,9940.84,10076.3
3-Jun-20,10182.41,10268.93,10128.23,10154.33
4-Jun-20,10152.57,10226.9,10047.91,10136.37
5-Jun-20,10206.53,10282.3,10146.27,10251.64
8-Jun-20,10404.53,10427.48,10228.95,10273.12
9-Jun-20,10326.12,10402.17,10135.18,10162.7
10-Jun-20,10187.46,10252.4,10146.46,10226.23
11-Jun-20,10222.7,10230.47,10003.6,10018.44
12-Jun-20,9701.64,10116.58,9676.9,10095.64
15-Jun-20,10078.6,10078.6,9863.52,9941.34
16-Jun-20,10116.67,10161.82,9852.45,10028.55
17-Jun-20,9983.71,10119.71,9957.01,10009.08
18-Jun-20,9975.13,10207.17,9975.13,10190.58
19-Jun-20,10231.55,10366.19,10180.74,10341.91
22-Jun-20,10396.64,10497.9,10386.7,10424.44
23-Jun-20,10459.15,10598.76,10422.77,10585.58
24-Jun-20,10658.97,10677.14,10399.09,10423.5
25-Jun-20,10334.24,10481.61,10321.05,10415.93
26-Jun-20,10505.89,10538.4,10438.6,10502.48
29-Jun-20,10440.74,10451.88,10346.27,10425
30-Jun-20,10488.77,10513.91,10381.54,10410.76
1-Jul-20,10441.1,10543.24,10408.77,10527.66
2-Jul-20,10580.34,10685.31,10577.79,10648.43
3-Jul-20,10702.28,10727.45,10662.91,10707.56
6-Jul-20,10785.46,10880.43,10771.08,10836.82
7-Jul-20,10884.7,10893.6,10765.49,10878.57
8-Jul-20,10904.66,10929.39,10762.1,10788.89
9-Jul-20,10829.67,10906.91,10821.37,10887.97
10-Jul-20,10844.58,10901.87,10793.53,10843.66
13-Jul-20,10923.49,10962.15,10830.13,10878.29
14-Jul-20,10839.66,10840.71,10652.83,10693.12
15-Jul-20,10776.51,10899.72,10657.03,10697.23
16-Jul-20,10786.67,10821.07,10664.99,10808.12
17-Jul-20,10835.14,11004.4,10826.37,10978.62
20-Jul-20,11081.89,11105.94,11027.47,11090.72
21-Jul-20,11200.96,11234.36,11177.87,11216.45
22-Jul-20,11281.84,11287.4,11108.44,11185.72
23-Jul-20,11177.56,11287.31,11157.76,11267.7
24-Jul-20,11219.26,11260.06,11134.81,11232.51
27-Jul-20,11270.78,11270.78,11122.66,11163.28
28-Jul-20,11199.4,11338.56,11192.21,11323.78
29-Jul-20,11316.49,11367.34,11197.6,11249.5
30-Jul-20,11296.99,11341.4,11148.48,11168.32
31-Jul-20,11200.36,11222.57,11109.9,11158.96
3-Aug-20,11160.53,11160.78,10984.87,10991.48
4-Aug-20,11039.66,11196.01,11010.8,11182.96
5-Aug-20,11242.41,11309.89,11154.68,11190.95
6-Aug-20,11266.17,11339.28,11223.02,11296.44
7-Aug-20,11291.17,11334.17,11248.11,11317.51
10-Aug-20,11372.52,11443.97,11355.66,11387.93
11-Aug-20,11445.65,11489.02,11416.72,11433.17
12-Aug-20,11417,11435.66,11351.82,11424
13-Aug-20,11460.76,11480.38,11402.79,11437.52
14-Aug-20,11476.79,11502.21,11246.04,11314.16
17-Aug-20,11369.21,11397.52,11275.41,11381.94
18-Aug-20,11397.36,11529.46,11390.64,11516.18
19-Aug-20,11574.45,11592.8,11525.63,11542.72
20-Aug-20,11457.87,11502.51,11427.81,11457.56
21-Aug-20,11535.05,11565.42,11503.1,11511.48
24-Aug-20,11557.17,11617.99,11551.75,11589.5
25-Aug-20,11639.68,11655.58,11551.22,11601.09
26-Aug-20,11636.81,11681.46,11591.43,11671.26
27-Aug-20,11729.33,11741.24,11673.84,11690.14
28-Aug-20,11734.57,11813.01,11730.92,11772.45
31-Aug-20,11882.8,11912.46,11424.8,11480.92
1-Sep-20,11517.66,11636.51,11465.89,11576.19
2-Sep-20,11582.9,11664.19,11538.64,11645.34
3-Sep-20,11673.09,11694.96,11626.61,11646.65
4-Sep-20,11448.4,11572.12,11418.41,11446.31
7-Sep-20,11444.49,11492.32,11361.02,11458.4
8-Sep-20,11486.67,11537.97,11387.41,11414.54
9-Sep-20,11316.62,11398.94,11281.26,11380.54
10-Sep-20,11473.36,11557.81,11438.47,11547.24
11-Sep-20,11558.88,11593.62,11523.09,11569.34
14-Sep-20,11633.13,11677.4,11504.88,11558.18
15-Sep-20,11603.16,11663.04,11574.8,11648.51
16-Sep-20,11684.71,11743.25,11658.02,11732.07
17-Sep-20,11688.6,11718.76,11634.65,11650.48
18-Sep-20,11721.15,11723.44,11591.22,11647.17
21-Sep-20,11643.57,11668.82,11336.63,11367.76
22-Sep-20,11408.96,11411.66,11177.02,11266.68
23-Sep-20,11379.3,11382.69,11135.24,11241.97
24-Sep-20,11123.59,11129.41,10905.32,10922.35
25-Sep-20,11042.55,11206.31,10977.86,11183.76
28-Sep-20,11289.66,11391.32,11241.04,11379.06
29-Sep-20,11442.94,11461.31,11326.66,11366.73
30-Sep-20,11395.03,11438.2,11332.64,11391.75
1-Oct-20,11490.63,11566.34,11490.63,11554.38
5-Oct-20,11633.33,11696.65,11579.7,11629.13
6-Oct-20,11728.04,11787.64,11693.48,11775.47
7-Oct-20,11792.82,11856.08,11745.94,11832.79
8-Oct-20,11924.12,11979.47,11873.2,11920.36
9-Oct-20,11940.44,12008.02,11891.37,11985.51
12-Oct-20,12039.7,12075.58,11917.41,11977.24
13-Oct-20,11981.5,12033.76,11939.94,11969.49
14-Oct-20,11967.99,12030.31,11863.64,12006.9
15-Oct-20,12070.45,12070.45,11708.27,11724.14
16-Oct-20,11780.72,11834.2,11718.47,11814.59
19-Oct-20,11906.3,11940.3,11870.57,11926.75
20-Oct-20,11924.78,11997.57,11892.67,11955.87
21-Oct-20,12023.84,12068.2,11827.28,11984.08
22-Oct-20,11942.91,11989.5,11881.45,11954.61
23-Oct-20,12006.16,12029.67,11973.6,11993.48
26-Oct-20,11994.47,12008.64,11774.26,11827.38
27-Oct-20,11843.5,11962.12,11781.74,11955.02
28-Oct-20,11988.77,11990.54,11753.59,11791.12
29-Oct-20,11682.96,11809.54,11677.58,11746.26
30-Oct-20,11764.72,11826.92,11618.15,11720.76
2-Nov-20,11794.93,11802.71,11646.07,11749.97
3-Nov-20,11816.43,11910.97,11811.77,11888.13
4-Nov-20,11872.51,12003.92,11838.59,11986.28
5-Nov-20,12116.56,12202.48,12098.83,12196.06
6-Nov-20,12222.74,12338.29,12210.13,12323.17
9-Nov-20,12436.39,12527.58,12420.02,12515.79
10-Nov-20,12610.12,12675.56,12526.28,12665.01
11-Nov-20,12713.46,12803.27,12621.2,12789.09
12-Nov-20,12722.34,12789.13,12680.77,12745.1
13-Nov-20,12726.37,12792.4,12672.47,12784.27
14-Nov-20,12889.33,12893.89,12812.18,12842.44
17-Nov-20,12956.54,12973.28,12860.14,12932.7
18-Nov-20,12939.48,13011.66,12877.93,13001.34
19-Nov-20,12931.37,13038.32,12817.91,12839.33
20-Nov-20,12883.3,12959.34,12802.84,12928.27
23-Nov-20,13006.27,13042.96,12914.41,13003.39
24-Nov-20,13080.55,13144.89,13056.99,13125.27
25-Nov-20,13193.99,13214.72,12907.7,12929.68
26-Nov-20,12970.85,13094.41,12875.93,13065.99
27-Nov-20,13091.79,13125.38,13011.79,13050.61
1-Dec-20,13147.93,13223.79,13063.44,13205.51
2-Dec-20,13234.54,13235.32,13097.53,13225.93
3-Dec-20,13309.21,13321.41,13239.12,13267.86
4-Dec-20,13289.18,13403,13277.42,13386.97
7-Dec-20,13402.37,13505.6,13383.13,13495.98
8-Dec-20,13544.84,13572.06,13433.46,13526.34
9-Dec-20,13604.14,13674.19,13588.57,13650.01
10-Dec-20,13620.71,13632.47,13518.48,13611.82
11-Dec-20,13649.31,13708.38,13532.46,13643.32
14-Dec-20,13698.52,13729,13617.6,13691.91
15-Dec-20,13705.5,13719.97,13584.95,13705.6
16-Dec-20,13795.37,13833.59,13752.44,13825.34
17-Dec-20,13858.16,13909.26,13821.25,13862.47
18-Dec-20,13904.02,13904.03,13777.86,13888.05
21-Dec-20,13872.23,13895.38,13213.9,13428.5
22-Dec-20,13404.68,13605.31,13266.56,13580.77
23-Dec-20,13605.5,13750.75,13548.53,13732.48
24-Dec-20,13824.23,13890.57,13763.77,13870.75
28-Dec-20,13932.87,14004.13,13932.4,13993.71
29-Dec-20,14037.44,14085.32,13970.24,14046.41
30-Dec-20,14097.69,14105.6,13973.96,14091.87
31-Dec-20,14096.4,14132.92,14056.67,14100.47
1-Jan-21,14114.51,14176.86,14111.6,14149.78
4-Jan-21,14225.72,14294.84,14099.45,14282.52
5-Jan-21,14234.12,14385.33,14189.64,14370.24
6-Jan-21,14422.58,14422.58,14213.13,14326.63
7-Jan-21,14431.78,14443.07,14325.94,14342.12
8-Jan-21,14448.78,14570.31,14432.82,14553.65
11-Jan-21,14681.87,14686.15,14571.05,14677.39
12-Jan-21,14676.12,14772.74,14630.8,14746.39
13-Jan-21,14825.1,14837.52,14590.8,14729.25
14-Jan-21,14722.35,14777.84,14642.31,14760.7
15-Jan-21,14783.97,14793.98,14516.9,14593.13
18-Jan-21,14600.74,14612.04,14367.93,14417.1
19-Jan-21,14514.27,14689.76,14507.8,14671.2
20-Jan-21,14710.61,14813.14,14670.66,14792.51
21-Jan-21,14885.66,14912.13,14659.58,14730.22
22-Jan-21,14738.08,14775.01,14511.82,14524.2
25-Jan-21,14649.06,14651.62,14370.23,14392.02
27-Jan-21,14407.95,14408.39,14086.81,14126.45
28-Jan-21,13959.26,14066.5,13900.2,13998.92
29-Jan-21,14158.17,14158.99,13757.51,13797.78
1-Feb-21,13891.68,14470.16,13812.67,14425.29
2-Feb-21,14601.93,14855.6,14601.78,14793.38
3-Feb-21,14916.24,15010.35,14730.6,14930.31
4-Feb-21,14933.94,15065.87,14882.3,15049.54
5-Feb-21,15170.03,15170.03,15001.78,15045.3
8-Feb-21,15165.23,15276.61,15165.23,15242.13
9-Feb-21,15285.5,15375.53,15188.87,15235.39
10-Feb-21,15257.12,15296.87,15112.6,15250.81
11-Feb-21,15216.33,15324.56,15206.37,15312.27
12-Feb-21,15344.1,15378.6,15221.16,15301.47
15-Feb-21,15410.39,15478.35,15398.9,15461.07
16-Feb-21,15532.58,15573.28,15385.64,15462.27
17-Feb-21,15441.51,15469.99,15334,15379.69
18-Feb-21,15446.78,15446.78,15267.58,15304.71
19-Feb-21,15283.81,15320.71,15061.43,15143.81
22-Feb-21,15150.48,15177.43,14804.37,14844.32
23-Feb-21,14924.31,15029.84,14826.65,14903.09
24-Feb-21,14933.92,15176.49,14865.63,15153.52
25-Feb-21,15276.44,15338.57,15243.61,15269.66
26-Feb-21,15047.53,15105.02,14657.16,14723.98
1-Mar-21,14910.34,14992.64,14837.74,14954.22
2-Mar-21,15074.84,15168.08,14964.43,15127.04
3-Mar-21,15252.47,15462.6,15214.89,15438.34
4-Mar-21,15263.03,15413.37,15202.13,15301.23
5-Mar-21,15214.49,15309.13,15066.55,15142.05
8-Mar-21,15230.37,15313.76,15124.57,15157.2
9-Mar-21,15237.64,15309.42,15097.82,15263.59
10-Mar-21,15376.84,15385.87,15274.13,15350.06
12-Mar-21,15457.23,15499.15,15136.05,15207.8
15-Mar-21,15217.67,15231.02,14918.85,15104.65
16-Mar-21,15168.99,15218.43,15077.31,15100.58
17-Mar-21,15117.45,15134.84,14867.91,14891.18
18-Mar-21,14999.47,15038.57,14637.96,14716.71
19-Mar-21,14617.63,14948.47,14485.8,14912.87
22-Mar-21,14917.55,14943.81,14786.98,14919.25
23-Mar-21,14961.32,15064.77,14905.47,15008.2
24-Mar-21,14937.15,14957.25,14729.38,14743.58
25-Mar-21,14753.18,14764.66,14441.56,14505.95
26-Mar-21,14653.54,14747.5,14593.5,14688.57
30-Mar-21,14785.11,15022.83,14785.11,14988.52
31-Mar-21,14971.26,14971.53,14845.26,14863.54
1-Apr-21,14974.34,15060.25,14870.43,15044.5
5-Apr-21,15046.67,15048.1,14637.73,14811.37
6-Apr-21,14889.71,14952.22,14754.62,14869.66
7-Apr-21,14898.94,15065.85,14852.52,15018.66
8-Apr-21,15090.46,15191.37,15036.45,15087.93
9-Apr-21,15098.92,15134.94,15006.17,15051.16
12-Apr-21,14842.02,14845.77,14423.97,14482.35
13-Apr-21,14513.42,14705.68,14456.5,14686.22
15-Apr-21,14670.62,14779.58,14525.29,14756.53
16-Apr-21,14801.81,14885.87,14742.81,14808.45
19-Apr-21,14536.76,14561.53,14378.96,14541.92
20-Apr-21,14701.58,14720.33,14403.57,14495.1
22-Apr-21,14436.05,14606.97,14362.26,14589.25
23-Apr-21,14536.65,14649.36,14463.33,14533.08
26-Apr-21,14623.3,14731.34,14613.93,14672.24
27-Apr-21,14699.19,14857.81,14690.72,14839.96
28-Apr-21,14893.46,15062.29,14893.25,15039.11
29-Apr-21,15143.74,15219.29,14992.89,15064.61
30-Apr-21,14961.72,15046.18,14806.03,14833.77
3-May-21,14719.46,14875.12,14625.91,14840.38
4-May-21,14902.84,14934.68,14679.86,14713.37
5-May-21,14814.62,14869.64,14730.57,14851.05
6-May-21,14921.11,14974.73,14846.24,14956.58
7-May-21,15031.17,15083.52,14990.17,15038.96
10-May-21,15129.73,15191.32,15117.15,15170.68
11-May-21,15043.77,15148.43,15009.21,15104.97
12-May-21,15122.66,15122.66,14917.47,14966.84
14-May-21,15039.49,15039.49,14841.12,14926.61
17-May-21,15010.07,15175.88,14969.54,15162.61
18-May-21,15292.26,15381.88,15291.19,15358.8
19-May-21,15338.71,15393.85,15281.58,15300.75
20-May-21,15323.88,15345.89,15166.57,15188.31
21-May-21,15278.59,15437.81,15267.39,15425.63
24-May-21,15482.06,15514.94,15405.7,15463.23
25-May-21,15554.24,15563.82,15432.32,15476.21
26-May-21,15545.64,15575.68,15463.93,15555.19
27-May-21,15599.89,15636.23,15532.43,15596.86
28-May-21,15684.29,15718.99,15649.5,15677.05
31-May-21,15705.2,15845.06,15628.75,15822.33
1-Jun-21,15867.11,15899.22,15757.97,15807.7
2-Jun-21,15773.49,15862.65,15723.24,15843.01
3-Jun-21,15925.37,15975.15,15888.09,15962.62
4-Jun-21,16000.35,16009.44,15903.12,15952.56
7-Jun-21,16006.55,16062.08,15968.21,16036.39
8-Jun-21,16074.42,16075.13,15967.08,16038.11
9-Jun-21,16082.41,16105.5,15854.38,15928.35
10-Jun-21,15993.74,16056.93,15951.25,16046.12
11-Jun-21,16106.4,16140.27,16048.06,16100.4
14-Jun-21,16092.02,16120.88,15879.77,16104.91
15-Jun-21,16168.52,16201.64,16146.17,16169.14
16-Jun-21,16176.73,16185.54,16039.73,16063.33
17-Jun-21,15949.84,16069.56,15904.99,15977.89
18-Jun-21,16038.02,16042.87,15704.66,15951.82
21-Jun-21,15805.96,16034.54,15761.84,16020.16
22-Jun-21,16120.17,16173.07,16030.8,16049.49
23-Jun-21,16146.94,16146.99,15948.91,15961.3
24-Jun-21,16019.28,16065.12,15981.46,16038.06
25-Jun-21,16094.23,16132.61,16036.46,16120.78
28-Jun-21,16186.61,16186.69,16077.25,16097.09
29-Jun-21,16117.46,16131.88,16010.39,16033.41
30-Jun-21,16073.86,16121.99,15998.5,16009.72
1-Jul-21,16059.22,16059.22,15964.74,15977.59
2-Jul-21,16019.69,16027.98,15944.5,16015.1
5-Jul-21,16084.28,16141.18,16062.16,16131.1
6-Jul-21,16137.66,16215.72,16096.57,16114.01
7-Jul-21,16131.43,16196.33,16073.75,16178.85
8-Jul-21,16182.85,16195.4,15991.16,16035.77
9-Jul-21,16025.45,16045.03,15951.27,16015.65
12-Jul-21,16094.26,16116.26,15979.97,16026.44
13-Jul-21,16116.42,16133.38,16066.75,16125.31
14-Jul-21,16140.91,16179.04,16082.44,16159.16
15-Jul-21,16181.15,16252.02,16173.85,16225.84
16-Jul-21,16256.78,16266.55,16195.94,16231.16
19-Jul-21,16090.15,16161.63,16022.95,16073.58
20-Jul-21,16043.54,16055.26,15895.97,15952.39
22-Jul-21,16051.67,16166.46,16046.9,16154.77
23-Jul-21,16202.09,16224.92,16098.01,16180.24
26-Jul-21,16191.7,16223.8,16127.82,16154.93
27-Jul-21,16202.9,16215.13,16025.24,16070.37
28-Jul-21,16110.89,16110.89,15842.12,16040.87
29-Jul-21,16117.24,16142.96,16075.59,16105.99
30-Jul-21,16147.06,16208.93,16086.72,16108.48
2-Aug-21,16209.64,16255.5,16187.16,16246.7
3-Aug-21,16306.37,16492.66,16286.26,16476.95
4-Aug-21,16551.53,16623.07,16531.25,16565.62
5-Aug-21,16625.1,16640.43,16504.98,16597.54
6-Aug-21,16608.39,16645.03,16534.57,16551.04
9-Aug-21,16593.88,16623.26,16467.24,16546.16
10-Aug-21,16575.18,16637.06,16462.3,16546.58
11-Aug-21,16589.07,16606.13,16403.62,16549.51
12-Aug-21,16585.37,16642.95,16553.24,16636.11
13-Aug-21,16662.43,16787.37,16654.35,16769.5
16-Aug-21,16790.36,16829.3,16728.49,16803.52
17-Aug-21,16807.01,16872.52,16730.66,16856.34
18-Aug-21,16933.24,16946.47,16795.22,16820.74
20-Aug-21,16687.3,16764.42,16629.42,16669.13
23-Aug-21,16775.74,16802.05,16594.81,16691.77
24-Aug-21,16735.71,16851.1,16700.91,16837.27
25-Aug-21,16877.59,16920,16830.07,16850.59
26-Aug-21,16876.34,16902.17,16817.01,16853.24
27-Aug-21,16849.25,16950.45,16793.01,16934.9
30-Aug-21,16999.8,17195.92,16994.88,17178.24
31-Aug-21,17213.7,17395.63,17163.36,17375.21
1-Sep-21,17441.24,17475.39,17324.22,17347.53
2-Sep-21,17379.04,17518.78,17339.87,17508.78
3-Sep-21,17553.31,17611.43,17494.05,17595.27
6-Sep-21,17685.41,17696.86,17621.71,17644.29
7-Sep-21,17689.09,17698.23,17550.09,17623.32
8-Sep-21,17645.44,17650.4,17524.74,17626.63
9-Sep-21,17605.93,17657.84,17577.93,17650.27
13-Sep-21,17651.8,17662.65,17554.76,17640.13
14-Sep-21,17727.85,17732.25,17670.4,17685.78
15-Sep-21,17722.42,17834.54,17699.38,17822.83
16-Sep-21,17875.9,17938.69,17813.24,17925.37
17-Sep-21,18006.75,18082.9,17819.03,17870.68
20-Sep-21,17752.72,17900.99,17624.07,17657.73
21-Sep-21,17682.69,17835.99,17581.03,17817.11
22-Sep-21,17876.01,17891.58,17804.13,17838.39
23-Sep-21,17969.66,18126.91,17944.4,18107.99
24-Sep-21,18187.33,18224.6,18071.67,18103.33
27-Sep-21,18175.59,18182.5,18045.44,18107.41
28-Sep-21,18169.42,18170.05,17833.89,17998.66
29-Sep-21,17893.3,18031.14,17858.92,17963.09
30-Sep-21,18010.42,18010.42,17850.72,17880.57
1-Oct-21,17821.58,17832.12,17721.11,17805.09
4-Oct-21,17912.87,18023.97,17869.32,17982.1
5-Oct-21,17992.01,18118.13,17941.52,18109.52
6-Oct-21,18179.84,18179.84,17892.49,17926.09
7-Oct-21,18060.88,18148.96,18052.89,18088.79
8-Oct-21,18182.62,18226.96,18121.61,18170.09
11-Oct-21,18204.9,18330.84,18132.87,18242.8
12-Oct-21,18245.58,18320.8,18172.51,18307.85
13-Oct-21,18427.42,18537.78,18385.06,18499.75
14-Oct-21,18625.64,18680.69,18588.29,18667.9
18-Oct-21,18849.22,18873.46,18785.61,18799.75
19-Oct-21,18926.88,18926.88,18649.77,18691.77
20-Oct-21,18715.68,18725.8,18444.42,18512.62
21-Oct-21,18610.98,18624.92,18280.38,18420.56
22-Oct-21,18467.27,18548.85,18249.89,18331.72
25-Oct-21,18473.73,18475.11,18135.53,18306.66
26-Oct-21,18325.19,18510.55,18308.28,18471.55
27-Oct-21,18522.8,18561.35,18389.49,18432.63
28-Oct-21,18412.47,18412.47,18009.89,18071.53
29-Oct-21,18048.87,18159.94,17819.72,17921.27
1-Nov-21,18013.46,18193.8,17941.15,18178.55
2-Nov-21,18255.04,18258.84,18115.89,18155.55
3-Nov-21,18226.02,18254.13,18028.08,18112.54
4-Nov-21,18251.1,18251.1,18193.16,18208.9
8-Nov-21,18298.61,18388.99,18134.48,18371.26
9-Nov-21,18398.39,18422.99,18301.1,18365.6
10-Nov-21,18326.75,18393.95,18252.88,18350.79
11-Nov-21,18335.45,18335.7,18140.55,18214.29
12-Nov-21,18316.13,18455.24,18248,18438.05
15-Nov-21,18494.57,18543.93,18417.92,18454.31
16-Nov-21,18478.61,18490.84,18324.35,18360.74
17-Nov-21,18327.61,18399.78,18256.02,18276.43
18-Nov-21,18276.4,18322.89,18040.65,18117.26
22-Nov-21,18146.34,18160.75,17608.58,17755.97
23-Nov-21,17635.24,17913.98,17567.31,17869.96
24-Nov-21,17927.92,17973.5,17725.43,17786.2
25-Nov-21,17804.34,17932.36,17708.33,17909.13
26-Nov-21,17750.87,17751.03,17339.25,17373.88
29-Nov-21,17314.38,17487.72,17091.88,17372.32
30-Nov-21,17381.15,17657.48,17262.19,17319.15
1-Dec-21,17413.98,17532.89,17386.01,17494.04
2-Dec-21,17533.44,17732.86,17501,17715.94
3-Dec-21,17745.02,17805.17,17520.56,17535.24
6-Dec-21,17560.49,17561.26,17223.38,17240.51
7-Dec-21,17356.42,17576.9,17319.25,17507.66
8-Dec-21,17658.14,17811.19,17649.18,17796.52
9-Dec-21,17861.73,17873.03,17717.5,17843.97
10-Dec-21,17816.14,17869.34,17751.43,17851.03
13-Dec-21,17953.21,17989.92,17707.48,17716.31
14-Dec-21,17658.97,17718.33,17570.24,17680.78
15-Dec-21,17687.65,17705.59,17549.12,17570.17
16-Dec-21,17698.3,17720.69,17519.29,17581.8
17-Dec-21,17608.67,17617.25,17259.53,17277.57
20-Dec-21,17124.82,17126.66,16667.44,16874.25
21-Dec-21,17012.73,17203.34,16963.16,17048.86
22-Dec-21,17133.72,17263.75,17108.92,17246.33
23-Dec-21,17352.86,17410.49,17320.25,17371.47
24-Dec-21,17449.03,17460.38,17206.79,17284.37
27-Dec-21,17241.31,17382.62,17115,17360.29
28-Dec-21,17460.76,17527.9,17440.16,17512.27
29-Dec-21,17519.96,17565.25,17454.03,17485.1
30-Dec-21,17474.81,17523.65,17426.15,17452.26
31-Dec-21,17477.66,17665.53,17473.04,17625.51
3-Jan-22,17657.48,17905.14,17656.73,17883.66
4-Jan-22,17944.01,18058,17842.5,18037.68
5-Jan-22,18057.13,18175.31,17989.31,18156.12
6-Jan-22,18025.7,18045.13,17910.95,18013.5
7-Jan-22,18071.21,18171.36,17979.81,18092.28
10-Jan-22,18185.09,18279.99,18154.52,18270.1
11-Jan-22,18262.19,18349.54,18229.77,18331.54
12-Jan-22,18454.5,18501.58,18401.62,18486.84
13-Jan-22,18526.74,18554.03,18439.94,18539.43
14-Jan-22,18494.33,18572.03,18409.56,18541.16
17-Jan-22,18557.3,18611.23,18517.85,18595.87
18-Jan-22,18646.34,18654.77,18357.81,18389.8
19-Jan-22,18409.37,18413.96,18168.34,18235.26
20-Jan-22,18233.93,18233.93,17971.93,18079.68
21-Jan-22,17965.85,18005.47,17767.98,17902.55
24-Jan-22,17897.88,17897.88,17242.18,17396.16
25-Jan-22,17290.34,17572.26,17069.8,17542.68
27-Jan-22,17400.3,17442.79,17129.55,17370.09
28-Jan-22,17518,17657.49,17359.03,17382.69
31-Jan-22,17585.37,17694.98,17556.27,17618.04
1-Feb-22,17803.09,17891.42,17532.37,17861.7
2-Feb-22,17979.6,18069.48,17953.91,18053.67
3-Feb-22,18046.2,18051.02,17811.27,17849.52
4-Feb-22,17883.45,17911.32,17750.36,17806.24
7-Feb-22,17795.36,17843.25,17436.33,17531.41
8-Feb-22,17589.87,17627.11,17345.95,17549.73
9-Feb-22,17654.37,17763.91,17638.21,17754.68
10-Feb-22,17849.99,17910.27,17708.95,17880.5
11-Feb-22,17746.48,17746.48,17581.03,17637.7
14-Feb-22,17233.24,17345.51,17051.09,17085.96
15-Feb-22,17175.41,17617.76,17060.5,17596.69
16-Feb-22,17664.43,17745.25,17524.23,17570.01
17-Feb-22,17648.13,17695.67,17498.62,17564.66
18-Feb-22,17460.33,17628.09,17460.33,17513.07
21-Feb-22,17420.11,17565.74,17285.9,17410.87
22-Feb-22,17029.28,17344.8,17021.77,17302.74
23-Feb-22,17396.91,17445.85,17271.26,17300.94
24-Feb-22,16773.05,16919.15,16409.41,16449.78
25-Feb-22,16686.68,16983.64,16686.68,16897.98
28-Feb-22,16754.99,17063.69,16591.22,17043.27
2-Mar-22,16887.25,16958.5,16764.93,16883
3-Mar-22,17044.65,17067.81,16738.47,16787.72
4-Mar-22,16670.8,16728.07,16413.39,16513.75
7-Mar-22,16191.41,16203.08,15958.62,16105.11
8-Mar-22,16020.35,16280.04,15917.16,16262.84
9-Mar-22,16393.34,16664.5,16266.44,16586.33
10-Mar-22,17024.52,17024.52,16706.22,16849.71
11-Mar-22,16798.23,16939.83,16735.61,16892.37
14-Mar-22,16909.84,17104.72,16846.86,17089.18
15-Mar-22,17132.22,17154.16,16787.36,16893.23
16-Mar-22,17116.68,17234.54,17083.45,17222.03
17-Mar-22,17440.85,17578.04,17421.75,17531.68
21-Mar-22,17593.2,17610.59,17336.77,17351.23
22-Mar-22,17364.96,17548.89,17225.39,17532.36
23-Mar-22,17607.3,17659.5,17434.83,17472.57
24-Mar-22,17363.98,17533.59,17347.85,17474.88
25-Mar-22,17541.09,17552.29,17339.96,17423.18
28-Mar-22,17459.14,17486.12,17267.43,17474.36
29-Mar-22,17545.16,17593.39,17492.36,17578.86
30-Mar-22,17691.63,17776.51,17648.77,17746.83
31-Mar-22,17782.8,17813.04,17696.05,17723.94
1-Apr-22,17729.56,17983.75,17705.86,17950.06
4-Apr-22,18079.48,18342.34,18078.1,18327.05
5-Apr-22,18400.25,18408.56,18256.32,18288.83
6-Apr-22,18211.58,18258.76,18145.82,18178.2
7-Apr-22,18139.33,18200.35,17999.7,18015.69
8-Apr-22,18105.66,18246.44,18008.92,18195.18
11-Apr-22,18201.98,18231.92,18112.59,18158.06
12-Apr-22,18122.86,18122.86,17899.49,17989.53
13-Apr-22,18096.17,18129.94,17930.08,17951.3
18-Apr-22,17706.98,17727.64,17554.22,17681.47
19-Apr-22,17768,17807.57,17315.92,17442.95
20-Apr-22,17545.55,17673.19,17471.37,17614.82
21-Apr-22,17740.57,17883.34,17700.68,17864.45
22-Apr-22,17758.06,17790.52,17632.83,17652.38
25-Apr-22,17504.07,17520.11,17350.12,17414.89
26-Apr-22,17562.95,17725.39,17552.81,17703.61
27-Apr-22,17598.01,17610.35,17446.59,17521.05
28-Apr-22,17679.32,17810.2,17552.67,17740.84
29-Apr-22,17828.61,17863.4,17523.25,17574.51
2-May-22,17405.57,17556.02,17385.51,17537.73
4-May-22,17586.95,17603.42,17063.72,17120.28
5-May-22,17302.88,17391.45,17104.52,17143.05
6-May-22,16879.06,16924.08,16774.1,16852.36
9-May-22,16674.03,16807.12,16554.83,16693.19
10-May-22,16650.44,16769.62,16531.62,16570.67
11-May-22,16620,16685.87,16315.64,16512.83
12-May-22,16389.81,16390.88,16058.19,16134.11
13-May-22,16327.59,16436.06,16057.98,16103.87
16-May-22,16179.25,16312.87,16063.7,16198.64
17-May-22,16311.85,16645.93,16269.97,16622.35
18-May-22,16710.35,16777.58,16585.14,16605.31
19-May-22,16244.86,16328.25,16128.48,16161.58
20-May-22,16391.96,16603.29,16372.22,16588.32
23-May-22,16635.97,16737.01,16502.05,16527.99
24-May-22,16550.99,16579.33,16384.06,16434.12
25-May-22,16499.64,16527.37,16280.17,16302.2
26-May-22,16368.22,16506.1,16163.57,16466.8
27-May-22,16609.48,16651.23,16512.23,16638.32
30-May-22,16812.99,16985.25,16801.28,16964.94
31-May-22,16902.68,17008.83,16834.38,16887.92
1-Jun-22,16889.5,16948.92,16722.12,16810.26
2-Jun-22,16818.2,16935.54,16735.06,16920.5
3-Jun-22,17048.89,17077.65,16822.71,16835.73
6-Jun-22,16795.75,16857.22,16680.71,16819.88
7-Jun-22,16741.57,16744.55,16616.98,16676.27
8-Jun-22,16743.46,16773.05,16552.32,16611.74
9-Jun-22,16517.01,16747.58,16493.99,16735.73
10-Jun-22,16577.8,16586.87,16443.15,16470.88
13-Jun-22,16154.96,16155.96,15967.7,16051.03
14-Jun-22,15956.47,16147.67,15934.82,16014.37
15-Jun-22,16027.45,16086.54,15978.48,15993.38
16-Jun-22,16135.89,16168.48,15631.4,15662.05
17-Jun-22,15574.59,15692.45,15460.88,15562.65
20-Jun-22,15591.76,15629.24,15433.75,15567.53
21-Jun-22,15666.23,15950.45,15651.41,15897.82
22-Jun-22,15815.94,15823.62,15633.86,15658.68
23-Jun-22,15705.23,15878.48,15617.9,15810.86
24-Jun-22,15927.26,15995.79,15878.35,15963.31
27-Jun-22,16174.58,16186.21,16080.59,16092.24
28-Jun-22,16014.31,16152.53,15964.39,16123.11
29-Jun-22,15969.32,16110.95,15956.61,16053.39
30-Jun-22,16026.48,16142.6,15976.44,16014.13
1-Jul-22,15970.79,16052.99,15762.82,16014.96
4-Jul-22,16007.25,16131.5,15936.43,16114.4
5-Jul-22,16194.44,16307.13,16071.21,16096.46
6-Jul-22,16104.18,16325.07,16087.13,16302.5
7-Jul-22,16420.93,16463.31,16357.94,16448.37
8-Jul-22,16564.03,16576.97,16464.21,16530.58
11-Jul-22,16475.82,16581.57,16440.54,16546.17
12-Jul-22,16493.13,16506.35,16379.58,16400.73
13-Jul-22,16493.18,16493.37,16313.54,16328.97
14-Jul-22,16382.35,16422.68,16212.18,16305.97
15-Jul-22,16366.94,16436.34,16300.09,16421.18
18-Jul-22,16514.88,16663.03,16511.05,16653.33
19-Jul-22,16581.59,16736.3,16574.01,16718.36
20-Jul-22,16922.03,16954.76,16849.47,16877.09
21-Jul-22,16886.53,17016.49,16848.74,16999.86
22-Jul-22,17047.38,17117.26,16993.24,17089.1
25-Jul-22,17053.33,17080.38,16947.75,17010.77
26-Jul-22,17027.27,17027.27,16827.18,16845.96
27-Jul-22,16845.66,17023.69,16808.19,17013.03
28-Jul-22,17126.93,17306.13,17113.23,17290.88
29-Jul-22,17418.71,17543.52,17386.93,17530.28
1-Aug-22,17606.96,17736.53,17525.08,17721.46
2-Aug-22,17702.99,17764.75,17604.26,17717.62
3-Aug-22,17730.89,17762.31,17588.47,17744.57
4-Aug-22,17811.53,17860.28,17524.58,17754.71
5-Aug-22,17790.76,17850.7,17730.28,17775.34
8-Aug-22,17786.66,17924.35,17742.55,17897.17
10-Aug-22,17935.73,17939.76,17813.69,17898.99
11-Aug-22,18044.43,18083.24,18001.65,18027.45
12-Aug-22,18015.31,18105.96,17980.15,18077.71
16-Aug-22,18146.43,18236.22,18146.03,18226.71
17-Aug-22,18259.34,18378.45,18248.5,18358.86
18-Aug-22,18317.45,18393.16,18278.29,18381.48
19-Aug-22,18400.61,18419.64,18137.26,18176.47
22-Aug-22,18095.37,18101.28,17862.45,17886.76
23-Aug-22,17717.15,18032.5,17709.86,17985.08
24-Aug-22,17940.9,18041.28,17904.81,18020.37
25-Aug-22,18085.46,18149.68,17916.09,17947.73
26-Aug-22,18031.65,18118.46,17960.44,17994.66
29-Aug-22,17517.95,17828.23,17517.69,17768.04
30-Aug-22,17853.11,18239.96,17849.79,18222.39
1-Sep-22,17999.77,18177.07,17962.13,18038.91
2-Sep-22,18104.51,18142.36,17991.3,18029.82
5-Sep-22,18034.63,18157.18,18033.72,18136.96
6-Sep-22,18158.75,18236.84,18072.88,18152.18
7-Sep-22,18043.35,18155.57,18026,18133.45
8-Sep-22,18233.52,18296.11,18186.31,18290.24
9-Sep-22,18390.88,18417.48,18267.69,18317.75
12-Sep-22,18353.83,18476.34,18353.83,18438.06
13-Sep-22,18524.28,18585.6,18513.73,18567.78
14-Sep-22,18231.37,18599.57,18231.11,18520.65
15-Sep-22,18564.26,18626.14,18400.88,18429.23
16-Sep-22,18344.52,18371.3,18005.81,18046.97
19-Sep-22,18033.41,18181.14,17926.52,18130.13
20-Sep-22,18252.73,18441.79,18252.73,18330.77
21-Sep-22,18275.08,18373.17,18162.16,18210.87
22-Sep-22,18099.29,18231.34,18032.23,18148.58
23-Sep-22,18121.94,18169,17798.24,17827.88
26-Sep-22,17655.6,17685.39,17433.91,17478.29
27-Sep-22,17539.22,17648.19,17396.7,17477.72
28-Sep-22,17359.93,17518.35,17297.45,17337.41
29-Sep-22,17458.45,17523.02,17268.71,17303.76
30-Sep-22,17254.86,17650.64,17214.82,17574.98
3-Oct-22,17571.28,17597.77,17293.02,17339.96
4-Oct-22,17568.58,17747.37,17568.58,17739.08
6-Oct-22,17819.01,17901.86,17795.5,17809.95
7-Oct-22,17772.84,17807.59,17680.67,17789.34
10-Oct-22,17556.05,17742.25,17526.77,17703.54
11-Oct-22,17718.58,17724.23,17403.24,17430.96
12-Oct-22,17471.3,17593.16,17399.89,17573.5
13-Oct-22,17545.92,17569.07,17399.09,17457.51
14-Oct-22,17722.07,17774.7,17584.57,17601.7
17-Oct-22,17549.36,17736.41,17498.42,17722.93
18-Oct-22,17820.15,17931.95,17820.15,17901.52
19-Oct-22,17964.84,18025.2,17886.7,17925.49
20-Oct-22,17844.62,18005.42,17826.37,17983.77
21-Oct-22,18027.44,18071.88,17910.16,17969.62
24-Oct-22,18118.78,18170.72,18094.41,18112.23
25-Oct-22,18149.89,18169.68,18036.92,18049.71
27-Oct-22,18121.52,18190.46,18065.56,18151.16
28-Oct-22,18149.18,18232.97,18117.06,18179.61
31-Oct-22,18253.24,18418.81,18253.24,18405.94
1-Nov-22,18482.46,18565.57,18460.46,18553.5
2-Nov-22,18556.6,18577.01,18460.69,18491.03
3-Nov-22,18372,18517.4,18364.78,18471.99
4-Nov-22,18442.72,18542.48,18426.87,18527.35
7-Nov-22,18594.32,18663.94,18473.18,18611.28
9-Nov-22,18648.26,18690.97,18521.03,18562.46
10-Nov-22,18428.56,18508.57,18357.38,18419.65
11-Nov-22,18619.69,18731.05,18619.69,18720.26
14-Nov-22,18713.82,18768.96,18691.1,18711.17
15-Nov-22,18710.6,18790.76,18652.96,18769.58
16-Nov-22,18726.44,18790.35,18678.46,18746.63
17-Nov-22,18697.56,18753.03,18642.85,18671.21
18-Nov-22,18702.58,18725.61,18527.2,18620.91
21-Nov-22,18560.87,18563.12,18450.32,18478.46
22-Nov-22,18470.03,18578.11,18459.28,18567.16
23-Nov-22,18655.07,18655.9,18576.44,18594.14
24-Nov-22,18631.85,18831.51,18626.66,18797.34
25-Nov-22,18812.23,18844.63,18758.91,18820.85
28-Nov-22,18749.31,18929.12,18736.6,18876.86
29-Nov-22,18838.35,18983.89,18838.35,18925.6
30-Nov-22,18944.59,19139.77,18929.02,19081.7
1-Dec-22,19153.67,19198.89,19103.65,19137.18
2-Dec-22,19064.43,19104.89,18983.06,19042.62
5-Dec-22,19045.26,19067.98,18930.55,19045.17
6-Dec-22,18938.21,19004.16,18936.87,18990.73
7-Dec-22,18990.83,19034.04,18897.15,18924.46
8-Dec-22,18949.16,18994.67,18912.83,18973.6
9-Dec-22,19011.84,19033.66,18768.07,18860.9
12-Dec-22,18757.62,18883.75,18709.55,18861.16
13-Dec-22,18914.05,18965.19,18862.03,18953.87
14-Dec-22,18996.41,19049.85,18994.18,19013.72
15-Dec-22,18978.71,19009.78,18750.86,18775.74
16-Dec-22,18690.7,18801.12,18599.94,18612.56
19-Dec-22,18623.89,18781.77,18586.16,18769.64
20-Dec-22,18716.09,18752.19,18553.74,18730.2
21-Dec-22,18806.15,18826.64,18490.76,18526.57
22-Dec-22,18573.57,18646.45,18378.08,18439.26
23-Dec-22,18250.01,18353.72,18047.59,18076.84
26-Dec-22,18039.77,18389.07,18036.43,18316.83
27-Dec-22,18406.97,18465.5,18286.49,18448.49
28-Dec-22,18417.48,18491.59,18386.22,18443.33
29-Dec-22,18364.4,18516.61,18299.76,18495.35
30-Dec-22,18556.74,18585.75,18396.94,18425.17
2-Jan-23,18449.12,18528.73,18403.77,18513.84
3-Jan-23,18491.47,18571.39,18475.26,18554.58
4-Jan-23,18553.91,18563.86,18335.56,18352.74
5-Jan-23,18406.87,18429.45,18212.55,18316.06
6-Jan-23,18323.04,18367.61,18120.72,18182.48
9-Jan-23,18264.42,18442.27,18261.02,18408.36
10-Jan-23,18423.98,18425.42,18176.36,18235.18
11-Jan-23,18246.88,18294.67,18147.98,18215.39
12-Jan-23,18223.01,18266.19,18090.58,18183.93
13-Jan-23,18210.43,18312.64,18103.48,18274.09
16-Jan-23,18338.96,18358.67,18170.88,18209.24
17-Jan-23,18224.26,18359.16,18199.71,18345.11
18-Jan-23,18363.92,18464.12,18325.13,18449.47
19-Jan-23,18400.58,18438.53,18353.87,18392.75
20-Jan-23,18398.33,18424,18294.41,18303.82
23-Jan-23,18366.59,18431.58,18340.51,18394.37
24-Jan-23,18437.79,18474.13,18359.56,18387.69
25-Jan-23,18344.18,18361.2,18108.78,18148.16
27-Jan-23,18140.43,18140.97,17738.22,17852.25
30-Jan-23,17786.23,17972.21,17655.79,17888.98
31-Jan-23,17965.46,17976.64,17810.22,17935.75
1-Feb-23,18063.24,18236.35,17595.52,17861.68
2-Feb-23,17806.67,17913.25,17699.31,17863.07
3-Feb-23,17959.11,18089.7,17801.11,18074.47
6-Feb-23,18072.5,18072.5,17941.58,18012.2
7-Feb-23,18008.97,18057.93,17902.31,17968.24
8-Feb-23,17985.26,18143.12,17983.12,18117.65
9-Feb-23,18129,18158.03,18032.69,18133.11
10-Feb-23,18093.95,18126.68,18053.28,18105.4
13-Feb-23,18096.69,18127.64,17958.79,17996.67
14-Feb-23,18024.75,18155.34,18009.59,18132.93
15-Feb-23,18118.22,18244.72,18067.92,18222.33
16-Feb-23,18301.25,18342.04,18231.19,18262.33
17-Feb-23,18175.2,18250.68,18115.15,18165.54
20-Feb-23,18181.33,18221.39,18049.45,18072.73
21-Feb-23,18101.45,18154.48,18030.86,18054.48
22-Feb-23,17976.08,17997.24,17758.73,17780.92
23-Feb-23,17784.97,17836.04,17668.93,17739.48
24-Feb-23,17805.13,17823.47,17649.44,17694.83
27-Feb-23,17654.65,17666.14,17508.98,17609.37
28-Feb-23,17619.92,17655.56,17496.15,17538.2
1-Mar-23,17580.97,17710,17577.14,17693.17
2-Mar-23,17663.14,17690.13,17564.61,17578.61
3-Mar-23,17680.55,17883.36,17679.65,17835.71
6-Mar-23,17896.09,18037.56,17895.34,17955.2
8-Mar-23,17871.39,18014.11,17842.65,17999.94
9-Mar-23,18033.37,18033.37,17822.16,17840.07
10-Mar-23,17682.79,17686.18,17572.58,17671.09
13-Mar-23,17634.78,17780.29,17369.46,17407.81
14-Mar-23,17387.93,17471.91,17237.38,17299.83
15-Mar-23,17404.35,17461.95,17199.95,17227.13
16-Mar-23,17210.67,17333.92,17102.42,17265.19
17-Mar-23,17381.49,17422.25,17247.99,17372.15
20-Mar-23,17293.41,17313.44,17100.5,17253.88
21-Mar-23,17337.44,17389.99,17281.27,17369.69
22-Mar-23,17422.85,17474.04,17384.2,17420.23
23-Mar-23,17372.18,17463.54,17317.47,17340.34
24-Mar-23,17334.41,17372.34,17172.77,17202.93
27-Mar-23,17207.73,17328.71,17172.26,17224.45
28-Mar-23,17249.99,17290.3,17139.18,17179.54
29-Mar-23,17162.47,17361.75,17161.85,17320.33
31-Mar-23,17397.37,17623.38,17397.37,17601.67
3-Apr-23,17653.41,17669.63,17564.48,17644.91
5-Apr-23,17640.09,17805.73,17640.02,17790.42
6-Apr-23,17767.51,17865.14,17736.1,17830.83
10-Apr-23,17838.85,17920.94,17834.1,17857.56
11-Apr-23,17905.88,17977.67,17877.49,17949.44
12-Apr-23,17953.84,18052.2,17947.26,18040.53
13-Apr-23,18036.55,18072.25,17968.33,18058.72
17-Apr-23,18038.32,18046.3,17829.84,17959.86
18-Apr-23,17979.95,18013.68,17884.42,17938.15
19-Apr-23,17939.12,17941.21,17852.64,17881.39
20-Apr-23,17881.86,17945.7,17856.74,17895.7
21-Apr-23,17872.06,17932.9,17823.01,17888.27
24-Apr-23,17940.1,18014.91,17883.92,18003.35
25-Apr-23,18033.31,18065.14,17979.47,18027.45
26-Apr-23,18006.33,18090.46,17976.74,18074.63
27-Apr-23,18078.24,18186.73,18064.91,18173.71
28-Apr-23,18191.89,18352.75,18156.8,18324.96
2-May-23,18370.06,18451.2,18365.31,18421.17
3-May-23,18383.76,18405.93,18329.29,18376.25
4-May-23,18397.98,18544.57,18359.51,18531.94
5-May-23,18400.88,18509.21,18345.05,18359.89
8-May-23,18390.24,18582.46,18390.24,18564.84
9-May-23,18595.07,18656.41,18536.49,18570.35
10-May-23,18594.25,18635.73,18518.82,18627.84
11-May-23,18682.49,18684.91,18604.12,18629.37
12-May-23,18617.66,18670.86,18526.6,18639.39
15-May-23,18660.7,18785.29,18613.11,18724.5
16-May-23,18764.01,18765.06,18611.28,18634.93
17-May-23,18636.15,18651.16,18465.02,18530.7
18-May-23,18630.07,18640.27,18440.02,18457.99
19-May-23,18487.65,18545.02,18384.27,18529.68
22-May-23,18496.81,18663.61,18496.27,18644.47
23-May-23,18688.01,18753.07,18663.29,18681.93
24-May-23,18645.04,18730.3,18611.91,18629.47
25-May-23,18602.66,18694.49,18567.96,18678.24
26-May-23,18696.11,18871.03,18688.49,18862.8
29-May-23,18942.99,19006.7,18942.99,18969.03
30-May-23,18961.94,19016.63,18937.21,18987.95
31-May-23,18952.05,18959.16,18852.75,18909.41
1-Jun-23,18934.86,18964.36,18856.89,18875.3
2-Jun-23,18921.95,18965.8,18873.15,18922.63
5-Jun-23,18977.1,19026.42,18973.03,18979.37
6-Jun-23,18974.43,19013.87,18919.84,18994.15
7-Jun-23,19025.83,19139.72,19025.83,19125.98
8-Jun-23,19134.78,19181.29,19014.37,19028.16
9-Jun-23,19024.41,19071.05,18945.94,18955.62
12-Jun-23,18967.1,19026.84,18951.89,19003.61
13-Jun-23,19016.36,19145.44,19016.36,19137.48
14-Jun-23,19135.05,19190.11,19112.88,19177.33
15-Jun-23,19162.45,19227.34,19103.59,19120.36
16-Jun-23,19133.33,19307.52,19132.73,19268.8
19-Jun-23,19295.98,19332.8,19170.7,19199.07
20-Jun-23,19201.65,19282.12,19115.87,19252.76
21-Jun-23,19297.09,19334.59,19248.51,19300.67
22-Jun-23,19316.12,19319.35,19174.89,19187.38
23-Jun-23,19153.63,19164.71,19042.27,19056.89
26-Jun-23,19037.98,19120.49,19037.98,19099.37
27-Jun-23,19147.53,19233.55,19136.19,19221.8
28-Jun-23,19294.05,19397.35,19273.05,19371.41
30-Jun-23,19400.4,19584.39,19399.98,19571.34
3-Jul-23,19608.34,19717.58,19608.34,19694.02
4-Jul-23,19764.94,19797.57,19672.65,19743.99
5-Jul-23,19752.17,19793.51,19713.3,19773.17
6-Jul-23,19765.37,19890.7,19748.03,19879.41
7-Jul-23,19818.06,19906.86,19686.55,19714.58
10-Jul-23,19764.29,19798.17,19688.68,19718.21
11-Jul-23,19779.95,19878.25,19768,19810.21
12-Jul-23,19846,19866.48,19756.28,19772.19
13-Jul-23,19842.22,19948.97,19752.38,19785.76
14-Jul-23,19852,19967.32,19801.31,19941.55
17-Jul-23,19961.88,20086.95,19944.27,20070.22
18-Jul-23,20126.91,20160.29,20031.03,20090.17
19-Jul-23,20117.27,20191.93,20079.32,20173.69
20-Jul-23,20177.5,20303,20107.03,20291.36
21-Jul-23,20125.71,20209.64,20039.57,20074.78
24-Jul-23,20063.33,20115.54,19994.19,20008.75
25-Jul-23,20046.67,20055.45,19957.94,20025.8
26-Jul-23,20055.33,20167.81,20054.24,20120.26
27-Jul-23,20161.7,20217.19,19970.03,20033.16
28-Jul-23,20039.2,20059.44,19959.02,20044.67
31-Jul-23,20041.89,20169.19,20007.39,20150.32
1-Aug-23,20151.38,20187.72,20100.45,20125.66
2-Aug-23,20038.83,20072.38,19802.91,19916.72
3-Aug-23,19848.07,19922.02,19694.84,19786.21
4-Aug-23,19857.23,19951.42,19851.47,19931.64
7-Aug-23,19857.23,19951.42,19851.47,19931.64
8-Aug-23,20036.25,20044.52,19927.21,19977.21
9-Aug-23,19972.84,20054.09,19878.32,20037.73
10-Aug-23,20031.39,20036.22,19910.73,19958.03
11-Aug-23,19972.42,19973.02,19827.87,19841.91
14-Aug-23,19789.69,19862.12,19643.02,19825.93
16-Aug-23,19769.19,19875.32,19711.59,19855.01
17-Aug-23,19845.96,19861.72,19742.3,19768.47
18-Aug-23,19734.56,19774.89,19663.66,19707
21-Aug-23,19684.21,19841.86,19684.21,19809.77
22-Aug-23,19836.1,19882.92,19821.11,19845.44
23-Aug-23,19884.42,19931.91,19833.68,19897.38
24-Aug-23,19985.11,20044.04,19838.93,19857.84
25-Aug-23,19794.7,19813.69,19691.78,19729.15
28-Aug-23,19747.44,19829.41,19720.23,19773
29-Aug-23,19824.44,19842.59,19793.73,19828.5
30-Aug-23,19896,19947.75,19844.44,19852.82
31-Aug-23,19872.83,19894.06,19732.45,19764.93
1-Sep-23,19770.49,19956.42,19764.92,19935.52
4-Sep-23,19979.39,20038.72,19928.25,20024.1
5-Sep-23,20041.44,20097.11,20035.05,20086.39
6-Sep-23,20084.66,20148.61,20018.3,20125.92
7-Sep-23,20119.92,20256.19,20082.15,20245.63
8-Sep-23,20282.37,20396.92,20265.11,20355.28
11-Sep-23,20418.69,20548.58,20405.64,20538.21
12-Sep-23,20641.44,20650.84,20395.49,20460.15
13-Sep-23,20445.57,20547.84,20388.5,20525.36
14-Sep-23,20585.04,20635.7,20514.46,20576
15-Sep-23,20622.64,20689.46,20608.44,20666.08
18-Sep-23,20631.55,20668.07,20585.7,20602.42
20-Sep-23,20474.67,20533.05,20360.58,20381.05
21-Sep-23,20324.09,20327.87,20184.83,20220.49
22-Sep-23,20212.21,20277.9,20135.99,20147.33
25-Sep-23,20166.2,20208.83,20075.21,20159.24
26-Sep-23,20180.69,20194.68,20131.3,20152.34
27-Sep-23,20156.66,20216.98,20047.32,20202.27
28-Sep-23,20287.46,20287.46,19964.5,19992.4
29-Sep-23,20069.37,20204.56,20024.82,20123.3
3-Oct-23,20121.33,20121.35,19982.37,20037.75
4-Oct-23,19993.01,19993.32,19820.51,19923.6
5-Oct-23,20037.9,20056.63,19971.17,20025.85
6-Oct-23,20099.83,20160.27,20074.79,20133.74
9-Oct-23,19976.12,20054.41,19937.08,19971.66
10-Oct-23,20013.65,20190.51,20013.65,20162.56
11-Oct-23,20250.73,20321.96,20238.05,20281.94
12-Oct-23,20322.69,20328.96,20263.49,20278.75
13-Oct-23,20183.91,20296.89,20141.9,20244.58
16-Oct-23,20241.98,20271.25,20182.22,20223.93
17-Oct-23,20334.72,20339.17,20273.41,20304
18-Oct-23,20326.65,20328.55,20142.31,20153.87
19-Oct-23,20051.57,20158.36,19993.56,20102.95
20-Oct-23,20054.17,20076.29,19988.65,20006.36
23-Oct-23,20010.6,20023.27,19692.36,19716.98
25-Oct-23,19734.58,19798.1,19502.96,19562.43
26-Oct-23,19474.04,19474.04,19258.3,19295.64
27-Oct-23,19411.51,19551.96,19387.11,19513.37
30-Oct-23,19556.22,19617.42,19396.01,19598.48
31-Oct-23,19700.53,19702.96,19537.16,19558.03
1-Nov-23,19563.09,19584.15,19457.47,19470.71
2-Nov-23,19610.36,19665.68,19563.56,19642.99
3-Nov-23,19757.34,19798.82,19733.83,19760.37
6-Nov-23,19895.03,19953,19842.67,19942.49
7-Nov-23,19962.02,19971.73,19877.02,19960.07
8-Nov-23,20024.96,20027.55,19967.26,20005.02
9-Nov-23,20035.57,20036.04,19945.7,19959.91
10-Nov-23,19948.02,20007.75,19880.2,19979.57
12-Nov-23,20149.83,20149.83,20073.74,20085.04
13-Nov-23,20057.84,20063.07,19975.43,20009.78
15-Nov-23,20170.76,20252.75,20148.72,20234.7
16-Nov-23,20248.96,20429.38,20193.61,20329.18
17-Nov-23,20283.27,20382.13,20246.62,20309.86
20-Nov-23,20322.12,20335.3,20253.92,20268.31
21-Nov-23,20317.01,20379.07,20316.39,20336.9
22-Nov-23,20326.46,20385.09,20256.26,20366.02
23-Nov-23,20389.75,20427.76,20345.73,20357.33
24-Nov-23,20369.16,20393.75,20328.84,20346.02
28-Nov-23,20385.65,20480.08,20357.91,20456.85
29-Nov-23,20528.18,20657.85,20528.18,20646.34
30-Nov-23,20677.62,20739.2,20584.28,20718.71
1-Dec-23,20787.14,20881.56,20777.69,20855.69
4-Dec-23,21163.83,21287.24,21099.95,21273.22
5-Dec-23,21364.12,21451.11,21303.63,21441.06
6-Dec-23,21523.48,21556.46,21446.26,21531.1
7-Dec-23,21555.03,21555.7,21458.54,21533.83
8-Dec-23,21592.24,21634.61,21448.68,21569.39
11-Dec-23,21605.94,21648.14,21570.51,21627.12
12-Dec-23,21664.93,21672.39,21480.65,21530.1
13-Dec-23,21568.67,21600.24,21408.29,21578.65
14-Dec-23,21743.4,21865.25,21736,21840.31
15-Dec-23,21931.2,22105.97,21886.73,22077.49
18-Dec-23,22077.97,22125.04,21986.56,22067.02
19-Dec-23,22125.27,22143.58,21972.45,22095.9
20-Dec-23,22191.81,22248.95,21676.83,21733.46
21-Dec-23,21546.12,21904.08,21534.12,21873.63
22-Dec-23,21956.51,22019.12,21848.42,21976.67
26-Dec-23,22005.75,22119.99,21974,22087.64
27-Dec-23,22150.77,22294.98,22146.35,22273.7
28-Dec-23,22342.45,22421.33,22303.12,22402.79
29-Dec-23,22405.23,22414.52,22315.56,22384.89
1-Jan-24,22405.9,22494.12,22343.07,22405.93
2-Jan-24,22450.94,22450.94,22191.41,22329.64
3-Jan-24,22328.86,22335.14,22198.17,22217.77
4-Jan-24,22322.27,22421.74,22283.49,22394.17
5-Jan-24,22462.49,22492.82,22347.54,22443.23
8-Jan-24,22491.72,22492.61,22220.52,22237.03
9-Jan-24,22383.11,22443.34,22246.43,22270.27
10-Jan-24,22282.52,22368.54,22163.46,22351.87
11-Jan-24,22443.66,22469.06,22353.22,22408.31
12-Jan-24,22536.98,22666.43,22473.18,22624.91
15-Jan-24,22771.89,22827.48,22674.98,22810.43
16-Jan-24,22818.25,22847.06,22671.98,22744.12
17-Jan-24,22454.72,22578.56,22283.93,22302.33
18-Jan-24,22177.53,22269.02,21963.19,22200.13
19-Jan-24,22383.53,22420.09,22315.03,22394.94
20-Jan-24,22502.9,22509.54,22320.96,22348.48
23-Jan-24,22488.14,22530.11,21921.43,21960.66
24-Jan-24,21939.94,22237.76,21844.45,22212.81
25-Jan-24,22233.14,22236.26,21990.99,22121.32
29-Jan-24,22202.67,22523.45,22173.22,22501.08
30-Jan-24,22555.77,22579.91,22272.04,22290.17
31-Jan-24,22287.86,22521.07,22225.88,22509.19
1-Feb-24,22599.44,22626.55,22443.45,22489.82
2-Feb-24,22602.92,22890.07,22602.13,22643.54
5-Feb-24,22725.06,22774.48,22516.89,22562.41
6-Feb-24,22648.79,22766.03,22527.54,22749.4
7-Feb-24,22879.91,22884.74,22702.56,22813.04
8-Feb-24,22920.14,22920.14,22605.55,22662.55
9-Feb-24,22681.51,22722.55,22485.48,22693.72
12-Feb-24,22742.83,22749.46,22437.14,22474.39
13-Feb-24,22516.53,22632.74,22374.21,22614.18
14-Feb-24,22468.42,22765.42,22395.69,22746.79
15-Feb-24,22835.53,22875.33,22731.28,22836.69
19-Feb-24,23061.02,23113.2,22960.59,23040.82
20-Feb-24,23056.29,23130.68,22974.7,23109.3
21-Feb-24,23175.25,23175.89,22890.83,22948.25
22-Feb-24,22986.3,23163.72,22795.92,23134.34
23-Feb-24,23212.45,23215.5,23112.41,23141.87
26-Feb-24,23127.88,23143.32,23007.09,23055.22
27-Feb-24,23051.63,23150.01,23032.54,23119.69
28-Feb-24,23154.93,23156.09,22809.78,22836.64
29-Feb-24,22827.75,22994.31,22746.75,22921.27
1-Mar-24,22987.43,23261.64,22978.7,23246.18
2-Mar-24,23315.42,23335.01,23285.75,23296.89
4-Mar-24,23338.08,23355.3,23268.54,23320.87
5-Mar-24,23312.4,23329.41,23202.68,23264.25
6-Mar-24,23251.79,23373.72,23090.8,23356.09
7-Mar-24,23416.62,23449.26,23345.26,23408.17
11-Mar-24,23442.79,23444.63,23239.31,23260.78
12-Mar-24,23278.47,23361.31,23157.7,23213.21
13-Mar-24,23291.45,23309.27,22672.06,22769.01
14-Mar-24,22666.82,23027.24,22664.36,22990.09
15-Mar-24,22936.45,22975.38,22730.65,22857.94
18-Mar-24,22834.29,22958.55,22752.15,22890.47
19-Mar-24,22829.34,22829.34,22611.36,22625.74
20-Mar-24,22653,22733.11,22493.07,22658.79
21-Mar-24,22813.35,22934.83,22800.53,22899.9
26-Mar-24,22887.78,23003.42,22868.58,22962.8
27-Mar-24,23044.76,23145.46,23022.09,23067.59
28-Mar-24,23128.07,23448.09,23120.22,23294.04
,,,,
,,,,
,,,,
,,,,
,,,,
,,,,
,,,,
,,,,
,,,,
,,,,
,,,,
,,,,
,,,,
,,,,
,,,,
,,,,
,,,,
,,,,
,,,,
,,,,
,,,,
,,,,
,,,,
,,,,
,,,,
,,,,
,,,,
,,,,
,,,,
,,,,
,,,,
,,,,
,,,,
,,,,
,,,,
,,,,
,,,,
,,,,
,,,,
,,,,
,,,,
,,,,
,,,,
,,,,
,,,,
,,,,
,,,,
,,,,
,,,,
,,,,
,,,,
,,,,
,,,,
,,,,
,,,,
,,,,
,,,,
,,,,
,,,,
,,,,
